[{"model": "testsuite.test", "pk": 1, "fields": {"topic": null, "title": "Math test", "description": "", "level": 2, "image": "covers/16-167695_math-clipart-notebook-clip-art-vector-image-first.png"}}, {"model": "testsuite.question", "pk": 1, "fields": {"test": 1, "number": 1, "text": "2+2", "description": ""}}, {"model": "testsuite.question", "pk": 2, "fields": {"test": 1, "number": 2, "text": "3*3", "description": ""}}, {"model": "testsuite.question", "pk": 3, "fields": {"test": 1, "number": 3, "text": "log(0)", "description": ""}}, {"model": "testsuite.question", "pk": 4, "fields": {"test": 1, "number": 4, "text": "+inf + -inf", "description": ""}}, {"model": "testsuite.answer", "pk": 1, "fields": {"text": "3.14", "question": 1, "is_correct": false}}, {"model": "testsuite.answer", "pk": 2, "fields": {"text": "5", "question": 1, "is_correct": false}}, {"model": "testsuite.answer", "pk": 3, "fields": {"text": "4", "question": 1, "is_correct": true}}, {"model": "testsuite.answer", "pk": 4, "fields": {"text": "\u043c\u043d\u043e\u0433\u043e", "question": 1, "is_correct": false}}, {"model": "testsuite.answer", "pk": 5, "fields": {"text": "5", "question": 2, "is_correct": false}}, {"model": "testsuite.answer", "pk": 6, "fields": {"text": "9", "question": 2, "is_correct": true}}, {"model": "testsuite.answer", "pk": 7, "fields": {"text": "17", "question": 2, "is_correct": false}}, {"model": "testsuite.answer", "pk": 8, "fields": {"text": "-1", "question": 2, "is_correct": false}}, {"model": "testsuite.answer", "pk": 9, "fields": {"text": "-1", "question": 3, "is_correct": false}}, {"model": "testsuite.answer", "pk": 10, "fields": {"text": "\u043e\u0448\u0438\u0431\u043a\u0430", "question": 3, "is_correct": false}}, {"model": "testsuite.answer", "pk": 11, "fields": {"text": "0", "question": 3, "is_correct": true}}, {"model": "testsuite.answer", "pk": 12, "fields": {"text": "0", "question": 4, "is_correct": false}}, {"model": "testsuite.answer", "pk": 13, "fields": {"text": "\u043e\u0448\u0438\u0431\u043a\u0430", "question": 4, "is_correct": false}}, {"model": "testsuite.answer", "pk": 14, "fields": {"text": "inf", "question": 4, "is_correct": true}}, {"model": "testsuite.answer", "pk": 15, "fields": {"text": "-1", "question": 4, "is_correct": false}}, {"model": "testsuite.testresult", "pk": 18, "fields": {"user": 1, "test": 1, "datetime_run": "2020-06-28T12:46:05.906Z", "is_completed": true, "is_new": false, "avr_score": "4.00"}}, {"model": "testsuite.testresult", "pk": 19, "fields": {"user": 1, "test": 1, "datetime_run": "2020-06-28T14:31:23.842Z", "is_completed": true, "is_new": false, "avr_score": "4.00"}}, {"model": "testsuite.testresult", "pk": 20, "fields": {"user": 1, "test": 1, "datetime_run": "2020-06-28T17:59:33.970Z", "is_completed": true, "is_new": false, "avr_score": "4.00"}}, {"model": "testsuite.testresultdetail", "pk": 175, "fields": {"test_result": 18, "question": 1, "answer": 1, "is_correct": true}}, {"model": "testsuite.testresultdetail", "pk": 176, "fields": {"test_result": 18, "question": 1, "answer": 2, "is_correct": true}}, {"model": "testsuite.testresultdetail", "pk": 177, "fields": {"test_result": 18, "question": 1, "answer": 3, "is_correct": true}}, {"model": "testsuite.testresultdetail", "pk": 178, "fields": {"test_result": 18, "question": 1, "answer": 4, "is_correct": true}}, {"model": "testsuite.testresultdetail", "pk": 179, "fields": {"test_result": 18, "question": 2, "answer": 5, "is_correct": true}}, {"model": "testsuite.testresultdetail", "pk": 180, "fields": {"test_result": 18, "question": 2, "answer": 6, "is_correct": true}}, {"model": "testsuite.testresultdetail", "pk": 181, "fields": {"test_result": 18, "question": 2, "answer": 7, "is_correct": true}}, {"model": "testsuite.testresultdetail", "pk": 182, "fields": {"test_result": 18, "question": 2, "answer": 8, "is_correct": true}}, {"model": "testsuite.testresultdetail", "pk": 183, "fields": {"test_result": 18, "question": 3, "answer": 9, "is_correct": true}}, {"model": "testsuite.testresultdetail", "pk": 184, "fields": {"test_result": 18, "question": 3, "answer": 10, "is_correct": true}}, {"model": "testsuite.testresultdetail", "pk": 185, "fields": {"test_result": 18, "question": 3, "answer": 11, "is_correct": true}}, {"model": "testsuite.testresultdetail", "pk": 186, "fields": {"test_result": 18, "question": 4, "answer": 12, "is_correct": true}}, {"model": "testsuite.testresultdetail", "pk": 187, "fields": {"test_result": 18, "question": 4, "answer": 13, "is_correct": true}}, {"model": "testsuite.testresultdetail", "pk": 188, "fields": {"test_result": 18, "question": 4, "answer": 14, "is_correct": true}}, {"model": "testsuite.testresultdetail", "pk": 189, "fields": {"test_result": 18, "question": 4, "answer": 15, "is_correct": true}}, {"model": "testsuite.testresultdetail", "pk": 190, "fields": {"test_result": 19, "question": 1, "answer": 1, "is_correct": true}}, {"model": "testsuite.testresultdetail", "pk": 191, "fields": {"test_result": 19, "question": 1, "answer": 2, "is_correct": true}}, {"model": "testsuite.testresultdetail", "pk": 192, "fields": {"test_result": 19, "question": 1, "answer": 3, "is_correct": true}}, {"model": "testsuite.testresultdetail", "pk": 193, "fields": {"test_result": 19, "question": 1, "answer": 4, "is_correct": true}}, {"model": "testsuite.testresultdetail", "pk": 194, "fields": {"test_result": 19, "question": 2, "answer": 5, "is_correct": true}}, {"model": "testsuite.testresultdetail", "pk": 195, "fields": {"test_result": 19, "question": 2, "answer": 6, "is_correct": true}}, {"model": "testsuite.testresultdetail", "pk": 196, "fields": {"test_result": 19, "question": 2, "answer": 7, "is_correct": true}}, {"model": "testsuite.testresultdetail", "pk": 197, "fields": {"test_result": 19, "question": 2, "answer": 8, "is_correct": true}}, {"model": "testsuite.testresultdetail", "pk": 198, "fields": {"test_result": 19, "question": 3, "answer": 9, "is_correct": true}}, {"model": "testsuite.testresultdetail", "pk": 199, "fields": {"test_result": 19, "question": 3, "answer": 10, "is_correct": true}}, {"model": "testsuite.testresultdetail", "pk": 200, "fields": {"test_result": 19, "question": 3, "answer": 11, "is_correct": true}}, {"model": "testsuite.testresultdetail", "pk": 201, "fields": {"test_result": 19, "question": 4, "answer": 12, "is_correct": true}}, {"model": "testsuite.testresultdetail", "pk": 202, "fields": {"test_result": 19, "question": 4, "answer": 13, "is_correct": true}}, {"model": "testsuite.testresultdetail", "pk": 203, "fields": {"test_result": 19, "question": 4, "answer": 14, "is_correct": true}}, {"model": "testsuite.testresultdetail", "pk": 204, "fields": {"test_result": 19, "question": 4, "answer": 15, "is_correct": true}}, {"model": "testsuite.testresultdetail", "pk": 205, "fields": {"test_result": 20, "question": 1, "answer": 1, "is_correct": true}}, {"model": "testsuite.testresultdetail", "pk": 206, "fields": {"test_result": 20, "question": 1, "answer": 2, "is_correct": true}}, {"model": "testsuite.testresultdetail", "pk": 207, "fields": {"test_result": 20, "question": 1, "answer": 3, "is_correct": true}}, {"model": "testsuite.testresultdetail", "pk": 208, "fields": {"test_result": 20, "question": 1, "answer": 4, "is_correct": true}}, {"model": "testsuite.testresultdetail", "pk": 209, "fields": {"test_result": 20, "question": 2, "answer": 5, "is_correct": true}}, {"model": "testsuite.testresultdetail", "pk": 210, "fields": {"test_result": 20, "question": 2, "answer": 6, "is_correct": true}}, {"model": "testsuite.testresultdetail", "pk": 211, "fields": {"test_result": 20, "question": 2, "answer": 7, "is_correct": true}}, {"model": "testsuite.testresultdetail", "pk": 212, "fields": {"test_result": 20, "question": 2, "answer": 8, "is_correct": true}}, {"model": "testsuite.testresultdetail", "pk": 213, "fields": {"test_result": 20, "question": 3, "answer": 9, "is_correct": true}}, {"model": "testsuite.testresultdetail", "pk": 214, "fields": {"test_result": 20, "question": 3, "answer": 10, "is_correct": true}}, {"model": "testsuite.testresultdetail", "pk": 215, "fields": {"test_result": 20, "question": 3, "answer": 11, "is_correct": true}}, {"model": "testsuite.testresultdetail", "pk": 216, "fields": {"test_result": 20, "question": 4, "answer": 12, "is_correct": true}}, {"model": "testsuite.testresultdetail", "pk": 217, "fields": {"test_result": 20, "question": 4, "answer": 13, "is_correct": true}}, {"model": "testsuite.testresultdetail", "pk": 218, "fields": {"test_result": 20, "question": 4, "answer": 14, "is_correct": true}}, {"model": "testsuite.testresultdetail", "pk": 219, "fields": {"test_result": 20, "question": 4, "answer": 15, "is_correct": true}}]