[{"model": "account.user", "pk": 1, "fields": {"password": "pbkdf2_sha256$180000$E9JhAS2inVQL$LaEZDq7b09pnBvIAPJwx3AiP5x/VXXYWJin6O0nSRfg=", "last_login": "2020-07-15T12:33:22.575Z", "is_superuser": true, "username": "Admin", "first_name": "DMYTRO", "last_name": "BRADUL", "email": "admin@admin.com", "is_staff": true, "is_active": true, "date_joined": "2020-06-14T06:40:37.939Z", "bio": "", "location": "", "birth_date": null, "image": "pics/main_q06wJwh.jpg", "avr_score": "96.47", "correct_answers": 82, "total_questions": 85, "groups": [], "user_permissions": []}}, {"model": "account.user", "pk": 2, "fields": {"password": "pbkdf2_sha256$180000$v4fzSj0hIJ8Y$yL7d8WePxDk8z4BZw0i/VZf/TZZf6/DWe/lHe4dURZY=", "last_login": "2020-07-29T17:13:10.935Z", "is_superuser": false, "username": "admin44", "first_name": "", "last_name": "", "email": "d.bradul@gmail.com", "is_staff": false, "is_active": true, "date_joined": "2020-07-29T17:13:07.202Z", "bio": "", "location": "", "birth_date": null, "image": "default.jpg", "avr_score": "0.00", "correct_answers": 0, "total_questions": 0, "groups": [], "user_permissions": []}}, {"model": "testsuite.test", "pk": 1, "fields": {"topic": null, "title": "Math test", "description": "", "level": 2, "image": "covers/16-167695_math-clipart-notebook-clip-art-vector-image-first.png"}}, {"model": "testsuite.question", "pk": 1, "fields": {"test": 1, "number": 1, "text": "2+2", "description": ""}}, {"model": "testsuite.question", "pk": 2, "fields": {"test": 1, "number": 2, "text": "3*3", "description": ""}}, {"model": "testsuite.question", "pk": 3, "fields": {"test": 1, "number": 3, "text": "log(0)", "description": ""}}, {"model": "testsuite.question", "pk": 4, "fields": {"test": 1, "number": 4, "text": "+inf + -inf", "description": ""}}, {"model": "testsuite.answer", "pk": 1, "fields": {"text": "3.14", "question": 1, "is_correct": false}}, {"model": "testsuite.answer", "pk": 2, "fields": {"text": "5", "question": 1, "is_correct": false}}, {"model": "testsuite.answer", "pk": 3, "fields": {"text": "4", "question": 1, "is_correct": true}}, {"model": "testsuite.answer", "pk": 4, "fields": {"text": "\u043c\u043d\u043e\u0433\u043e", "question": 1, "is_correct": false}}, {"model": "testsuite.answer", "pk": 5, "fields": {"text": "5", "question": 2, "is_correct": false}}, {"model": "testsuite.answer", "pk": 6, "fields": {"text": "9", "question": 2, "is_correct": true}}, {"model": "testsuite.answer", "pk": 7, "fields": {"text": "17", "question": 2, "is_correct": false}}, {"model": "testsuite.answer", "pk": 8, "fields": {"text": "-1", "question": 2, "is_correct": false}}, {"model": "testsuite.answer", "pk": 9, "fields": {"text": "-1", "question": 3, "is_correct": false}}, {"model": "testsuite.answer", "pk": 10, "fields": {"text": "\u043e\u0448\u0438\u0431\u043a\u0430", "question": 3, "is_correct": false}}, {"model": "testsuite.answer", "pk": 11, "fields": {"text": "0", "question": 3, "is_correct": true}}, {"model": "testsuite.answer", "pk": 12, "fields": {"text": "0", "question": 4, "is_correct": false}}, {"model": "testsuite.answer", "pk": 13, "fields": {"text": "\u043e\u0448\u0438\u0431\u043a\u0430", "question": 4, "is_correct": false}}, {"model": "testsuite.answer", "pk": 14, "fields": {"text": "inf", "question": 4, "is_correct": true}}, {"model": "testsuite.answer", "pk": 15, "fields": {"text": "-1", "question": 4, "is_correct": false}}, {"model": "testsuite.testresult", "pk": 1, "fields": {"user": 1, "test": 1, "datetime_run": "2020-06-24T16:59:44.466Z", "is_completed": true, "is_new": true, "avr_score": "0.00"}}, {"model": "testsuite.testresult", "pk": 2, "fields": {"user": 1, "test": 1, "datetime_run": "2020-06-24T17:04:26.399Z", "is_completed": true, "is_new": true, "avr_score": "42.00"}}, {"model": "testsuite.testresult", "pk": 3, "fields": {"user": 1, "test": 1, "datetime_run": "2020-06-24T17:59:07.538Z", "is_completed": true, "is_new": true, "avr_score": "3.75"}}, {"model": "testsuite.testresult", "pk": 4, "fields": {"user": 1, "test": 1, "datetime_run": "2020-06-24T18:18:10.298Z", "is_completed": true, "is_new": true, "avr_score": "4.00"}}, {"model": "testsuite.testresult", "pk": 5, "fields": {"user": 1, "test": 1, "datetime_run": "2020-06-28T10:00:46.246Z", "is_completed": true, "is_new": true, "avr_score": "1.00"}}, {"model": "testsuite.testresult", "pk": 6, "fields": {"user": 1, "test": 1, "datetime_run": "2020-06-28T10:01:27.305Z", "is_completed": true, "is_new": true, "avr_score": "4.00"}}, {"model": "testsuite.testresult", "pk": 7, "fields": {"user": 1, "test": 1, "datetime_run": "2020-06-28T10:02:34.297Z", "is_completed": true, "is_new": true, "avr_score": "4.00"}}, {"model": "testsuite.testresult", "pk": 8, "fields": {"user": 1, "test": 1, "datetime_run": "2020-06-28T10:04:12.398Z", "is_completed": true, "is_new": true, "avr_score": "3.75"}}, {"model": "testsuite.testresult", "pk": 9, "fields": {"user": 1, "test": 1, "datetime_run": "2020-06-28T10:18:13.467Z", "is_completed": false, "is_new": true, "avr_score": "0.00"}}, {"model": "testsuite.testresult", "pk": 10, "fields": {"user": 1, "test": 1, "datetime_run": "2020-06-28T10:19:47.273Z", "is_completed": false, "is_new": true, "avr_score": "0.00"}}, {"model": "testsuite.testresult", "pk": 11, "fields": {"user": 1, "test": 1, "datetime_run": "2020-06-28T10:21:37.962Z", "is_completed": false, "is_new": true, "avr_score": "0.00"}}, {"model": "testsuite.testresult", "pk": 12, "fields": {"user": 1, "test": 1, "datetime_run": "2020-06-28T10:21:48.247Z", "is_completed": false, "is_new": true, "avr_score": "0.00"}}, {"model": "testsuite.testresult", "pk": 13, "fields": {"user": 1, "test": 1, "datetime_run": "2020-06-28T10:25:35.581Z", "is_completed": true, "is_new": true, "avr_score": "4.00"}}, {"model": "testsuite.testresult", "pk": 14, "fields": {"user": 1, "test": 1, "datetime_run": "2020-06-28T10:34:26.420Z", "is_completed": true, "is_new": false, "avr_score": "4.00"}}, {"model": "testsuite.testresult", "pk": 15, "fields": {"user": 1, "test": 1, "datetime_run": "2020-06-28T11:19:30.852Z", "is_completed": true, "is_new": false, "avr_score": "4.00"}}, {"model": "testsuite.testresult", "pk": 16, "fields": {"user": 1, "test": 1, "datetime_run": "2020-06-28T12:41:30.371Z", "is_completed": false, "is_new": true, "avr_score": "0.00"}}, {"model": "testsuite.testresult", "pk": 17, "fields": {"user": 1, "test": 1, "datetime_run": "2020-06-28T12:41:49.560Z", "is_completed": true, "is_new": false, "avr_score": "4.00"}}, {"model": "testsuite.testresult", "pk": 18, "fields": {"user": 1, "test": 1, "datetime_run": "2020-06-28T12:46:05.906Z", "is_completed": true, "is_new": false, "avr_score": "4.00"}}, {"model": "testsuite.testresult", "pk": 19, "fields": {"user": 1, "test": 1, "datetime_run": "2020-06-28T14:31:23.842Z", "is_completed": true, "is_new": false, "avr_score": "4.00"}}, {"model": "testsuite.testresult", "pk": 20, "fields": {"user": 1, "test": 1, "datetime_run": "2020-06-28T17:59:33.970Z", "is_completed": true, "is_new": false, "avr_score": "4.00"}}, {"model": "testsuite.testresult", "pk": 21, "fields": {"user": 1, "test": 1, "datetime_run": "2020-07-08T16:04:39.475Z", "is_completed": true, "is_new": false, "avr_score": "4.00"}}, {"model": "testsuite.testresult", "pk": 22, "fields": {"user": 1, "test": 1, "datetime_run": "2020-07-08T16:19:14.569Z", "is_completed": true, "is_new": false, "avr_score": "4.00"}}, {"model": "testsuite.testresult", "pk": 23, "fields": {"user": 1, "test": 1, "datetime_run": "2020-07-08T16:32:37.571Z", "is_completed": true, "is_new": false, "avr_score": "4.00"}}, {"model": "testsuite.testresult", "pk": 24, "fields": {"user": 1, "test": 1, "datetime_run": "2020-07-08T18:22:05.753Z", "is_completed": false, "is_new": true, "avr_score": "0.00"}}, {"model": "testsuite.testresult", "pk": 25, "fields": {"user": 1, "test": 1, "datetime_run": "2020-07-14T08:01:43.212Z", "is_completed": true, "is_new": false, "avr_score": "4.00"}}, {"model": "testsuite.testresult", "pk": 26, "fields": {"user": 1, "test": 1, "datetime_run": "2020-07-14T08:38:34.838Z", "is_completed": true, "is_new": false, "avr_score": "4.00"}}, {"model": "testsuite.testresult", "pk": 27, "fields": {"user": 1, "test": 1, "datetime_run": "2020-07-14T10:03:50.144Z", "is_completed": true, "is_new": false, "avr_score": "4.00"}}, {"model": "testsuite.testresult", "pk": 28, "fields": {"user": 1, "test": 1, "datetime_run": "2020-07-14T10:08:33.233Z", "is_completed": true, "is_new": false, "avr_score": "4.00"}}, {"model": "testsuite.testresult", "pk": 29, "fields": {"user": 1, "test": 1, "datetime_run": "2020-07-14T12:54:52.307Z", "is_completed": true, "is_new": false, "avr_score": "4.00"}}, {"model": "testsuite.testresultdetail", "pk": 1, "fields": {"test_result": 2, "question": 1, "answer": 1, "is_correct": 1}}, {"model": "testsuite.testresultdetail", "pk": 2, "fields": {"test_result": 2, "question": 1, "answer": 2, "is_correct": 1}}, {"model": "testsuite.testresultdetail", "pk": 3, "fields": {"test_result": 2, "question": 1, "answer": 3, "is_correct": 1}}, {"model": "testsuite.testresultdetail", "pk": 4, "fields": {"test_result": 2, "question": 1, "answer": 4, "is_correct": 1}}, {"model": "testsuite.testresultdetail", "pk": 5, "fields": {"test_result": 2, "question": 2, "answer": 5, "is_correct": 1}}, {"model": "testsuite.testresultdetail", "pk": 6, "fields": {"test_result": 2, "question": 2, "answer": 6, "is_correct": 1}}, {"model": "testsuite.testresultdetail", "pk": 7, "fields": {"test_result": 2, "question": 2, "answer": 7, "is_correct": 1}}, {"model": "testsuite.testresultdetail", "pk": 8, "fields": {"test_result": 2, "question": 2, "answer": 8, "is_correct": 1}}, {"model": "testsuite.testresultdetail", "pk": 9, "fields": {"test_result": 2, "question": 3, "answer": 9, "is_correct": 0}}, {"model": "testsuite.testresultdetail", "pk": 10, "fields": {"test_result": 2, "question": 3, "answer": 10, "is_correct": 0}}, {"model": "testsuite.testresultdetail", "pk": 11, "fields": {"test_result": 2, "question": 3, "answer": 11, "is_correct": 0}}, {"model": "testsuite.testresultdetail", "pk": 12, "fields": {"test_result": 2, "question": 4, "answer": 12, "is_correct": 1}}, {"model": "testsuite.testresultdetail", "pk": 13, "fields": {"test_result": 2, "question": 4, "answer": 13, "is_correct": 1}}, {"model": "testsuite.testresultdetail", "pk": 14, "fields": {"test_result": 2, "question": 4, "answer": 14, "is_correct": 1}}, {"model": "testsuite.testresultdetail", "pk": 15, "fields": {"test_result": 2, "question": 4, "answer": 15, "is_correct": 1}}, {"model": "testsuite.testresultdetail", "pk": 16, "fields": {"test_result": 3, "question": 1, "answer": 1, "is_correct": 1}}, {"model": "testsuite.testresultdetail", "pk": 17, "fields": {"test_result": 3, "question": 1, "answer": 2, "is_correct": 1}}, {"model": "testsuite.testresultdetail", "pk": 18, "fields": {"test_result": 3, "question": 1, "answer": 3, "is_correct": 1}}, {"model": "testsuite.testresultdetail", "pk": 19, "fields": {"test_result": 3, "question": 1, "answer": 4, "is_correct": 1}}, {"model": "testsuite.testresultdetail", "pk": 20, "fields": {"test_result": 3, "question": 2, "answer": 5, "is_correct": 1}}, {"model": "testsuite.testresultdetail", "pk": 21, "fields": {"test_result": 3, "question": 2, "answer": 6, "is_correct": 1}}, {"model": "testsuite.testresultdetail", "pk": 22, "fields": {"test_result": 3, "question": 2, "answer": 7, "is_correct": 0}}, {"model": "testsuite.testresultdetail", "pk": 23, "fields": {"test_result": 3, "question": 2, "answer": 8, "is_correct": 1}}, {"model": "testsuite.testresultdetail", "pk": 24, "fields": {"test_result": 3, "question": 3, "answer": 9, "is_correct": 1}}, {"model": "testsuite.testresultdetail", "pk": 25, "fields": {"test_result": 3, "question": 3, "answer": 10, "is_correct": 1}}, {"model": "testsuite.testresultdetail", "pk": 26, "fields": {"test_result": 3, "question": 3, "answer": 11, "is_correct": 1}}, {"model": "testsuite.testresultdetail", "pk": 27, "fields": {"test_result": 3, "question": 4, "answer": 12, "is_correct": 1}}, {"model": "testsuite.testresultdetail", "pk": 28, "fields": {"test_result": 3, "question": 4, "answer": 13, "is_correct": 1}}, {"model": "testsuite.testresultdetail", "pk": 29, "fields": {"test_result": 3, "question": 4, "answer": 14, "is_correct": 1}}, {"model": "testsuite.testresultdetail", "pk": 30, "fields": {"test_result": 3, "question": 4, "answer": 15, "is_correct": 1}}, {"model": "testsuite.testresultdetail", "pk": 31, "fields": {"test_result": 4, "question": 1, "answer": 1, "is_correct": 1}}, {"model": "testsuite.testresultdetail", "pk": 32, "fields": {"test_result": 4, "question": 1, "answer": 2, "is_correct": 1}}, {"model": "testsuite.testresultdetail", "pk": 33, "fields": {"test_result": 4, "question": 1, "answer": 3, "is_correct": 1}}, {"model": "testsuite.testresultdetail", "pk": 34, "fields": {"test_result": 4, "question": 1, "answer": 4, "is_correct": 1}}, {"model": "testsuite.testresultdetail", "pk": 35, "fields": {"test_result": 4, "question": 2, "answer": 5, "is_correct": 1}}, {"model": "testsuite.testresultdetail", "pk": 36, "fields": {"test_result": 4, "question": 2, "answer": 6, "is_correct": 1}}, {"model": "testsuite.testresultdetail", "pk": 37, "fields": {"test_result": 4, "question": 2, "answer": 7, "is_correct": 1}}, {"model": "testsuite.testresultdetail", "pk": 38, "fields": {"test_result": 4, "question": 2, "answer": 8, "is_correct": 1}}, {"model": "testsuite.testresultdetail", "pk": 39, "fields": {"test_result": 4, "question": 3, "answer": 9, "is_correct": 1}}, {"model": "testsuite.testresultdetail", "pk": 40, "fields": {"test_result": 4, "question": 3, "answer": 10, "is_correct": 1}}, {"model": "testsuite.testresultdetail", "pk": 41, "fields": {"test_result": 4, "question": 3, "answer": 11, "is_correct": 1}}, {"model": "testsuite.testresultdetail", "pk": 42, "fields": {"test_result": 4, "question": 4, "answer": 12, "is_correct": 1}}, {"model": "testsuite.testresultdetail", "pk": 43, "fields": {"test_result": 4, "question": 4, "answer": 13, "is_correct": 1}}, {"model": "testsuite.testresultdetail", "pk": 44, "fields": {"test_result": 4, "question": 4, "answer": 14, "is_correct": 1}}, {"model": "testsuite.testresultdetail", "pk": 45, "fields": {"test_result": 4, "question": 4, "answer": 15, "is_correct": 1}}, {"model": "testsuite.testresultdetail", "pk": 46, "fields": {"test_result": 6, "question": 1, "answer": 1, "is_correct": 1}}, {"model": "testsuite.testresultdetail", "pk": 47, "fields": {"test_result": 6, "question": 1, "answer": 1, "is_correct": 1}}, {"model": "testsuite.testresultdetail", "pk": 48, "fields": {"test_result": 6, "question": 1, "answer": 2, "is_correct": 1}}, {"model": "testsuite.testresultdetail", "pk": 49, "fields": {"test_result": 6, "question": 1, "answer": 3, "is_correct": 1}}, {"model": "testsuite.testresultdetail", "pk": 50, "fields": {"test_result": 6, "question": 1, "answer": 4, "is_correct": 1}}, {"model": "testsuite.testresultdetail", "pk": 51, "fields": {"test_result": 6, "question": 1, "answer": 2, "is_correct": 1}}, {"model": "testsuite.testresultdetail", "pk": 52, "fields": {"test_result": 6, "question": 1, "answer": 3, "is_correct": 1}}, {"model": "testsuite.testresultdetail", "pk": 53, "fields": {"test_result": 6, "question": 1, "answer": 4, "is_correct": 1}}, {"model": "testsuite.testresultdetail", "pk": 54, "fields": {"test_result": 6, "question": 2, "answer": 5, "is_correct": 1}}, {"model": "testsuite.testresultdetail", "pk": 55, "fields": {"test_result": 6, "question": 2, "answer": 6, "is_correct": 1}}, {"model": "testsuite.testresultdetail", "pk": 56, "fields": {"test_result": 6, "question": 2, "answer": 7, "is_correct": 1}}, {"model": "testsuite.testresultdetail", "pk": 57, "fields": {"test_result": 6, "question": 2, "answer": 8, "is_correct": 1}}, {"model": "testsuite.testresultdetail", "pk": 58, "fields": {"test_result": 6, "question": 3, "answer": 9, "is_correct": 1}}, {"model": "testsuite.testresultdetail", "pk": 59, "fields": {"test_result": 6, "question": 3, "answer": 10, "is_correct": 1}}, {"model": "testsuite.testresultdetail", "pk": 60, "fields": {"test_result": 6, "question": 3, "answer": 11, "is_correct": 1}}, {"model": "testsuite.testresultdetail", "pk": 61, "fields": {"test_result": 6, "question": 4, "answer": 12, "is_correct": 1}}, {"model": "testsuite.testresultdetail", "pk": 62, "fields": {"test_result": 6, "question": 4, "answer": 13, "is_correct": 1}}, {"model": "testsuite.testresultdetail", "pk": 63, "fields": {"test_result": 6, "question": 4, "answer": 14, "is_correct": 1}}, {"model": "testsuite.testresultdetail", "pk": 64, "fields": {"test_result": 6, "question": 4, "answer": 15, "is_correct": 1}}, {"model": "testsuite.testresultdetail", "pk": 65, "fields": {"test_result": 7, "question": 1, "answer": 1, "is_correct": 1}}, {"model": "testsuite.testresultdetail", "pk": 66, "fields": {"test_result": 7, "question": 1, "answer": 2, "is_correct": 1}}, {"model": "testsuite.testresultdetail", "pk": 67, "fields": {"test_result": 7, "question": 1, "answer": 3, "is_correct": 1}}, {"model": "testsuite.testresultdetail", "pk": 68, "fields": {"test_result": 7, "question": 1, "answer": 4, "is_correct": 1}}, {"model": "testsuite.testresultdetail", "pk": 69, "fields": {"test_result": 7, "question": 2, "answer": 5, "is_correct": 1}}, {"model": "testsuite.testresultdetail", "pk": 70, "fields": {"test_result": 7, "question": 2, "answer": 6, "is_correct": 1}}, {"model": "testsuite.testresultdetail", "pk": 71, "fields": {"test_result": 7, "question": 2, "answer": 7, "is_correct": 1}}, {"model": "testsuite.testresultdetail", "pk": 72, "fields": {"test_result": 7, "question": 2, "answer": 8, "is_correct": 1}}, {"model": "testsuite.testresultdetail", "pk": 73, "fields": {"test_result": 7, "question": 3, "answer": 9, "is_correct": 1}}, {"model": "testsuite.testresultdetail", "pk": 74, "fields": {"test_result": 7, "question": 3, "answer": 10, "is_correct": 1}}, {"model": "testsuite.testresultdetail", "pk": 75, "fields": {"test_result": 7, "question": 3, "answer": 11, "is_correct": 1}}, {"model": "testsuite.testresultdetail", "pk": 76, "fields": {"test_result": 7, "question": 4, "answer": 12, "is_correct": 1}}, {"model": "testsuite.testresultdetail", "pk": 77, "fields": {"test_result": 7, "question": 4, "answer": 13, "is_correct": 1}}, {"model": "testsuite.testresultdetail", "pk": 78, "fields": {"test_result": 7, "question": 4, "answer": 14, "is_correct": 1}}, {"model": "testsuite.testresultdetail", "pk": 79, "fields": {"test_result": 7, "question": 4, "answer": 15, "is_correct": 1}}, {"model": "testsuite.testresultdetail", "pk": 80, "fields": {"test_result": 7, "question": 1, "answer": 1, "is_correct": 1}}, {"model": "testsuite.testresultdetail", "pk": 81, "fields": {"test_result": 7, "question": 1, "answer": 1, "is_correct": 1}}, {"model": "testsuite.testresultdetail", "pk": 82, "fields": {"test_result": 7, "question": 1, "answer": 2, "is_correct": 1}}, {"model": "testsuite.testresultdetail", "pk": 83, "fields": {"test_result": 7, "question": 1, "answer": 2, "is_correct": 1}}, {"model": "testsuite.testresultdetail", "pk": 84, "fields": {"test_result": 7, "question": 1, "answer": 3, "is_correct": 1}}, {"model": "testsuite.testresultdetail", "pk": 85, "fields": {"test_result": 7, "question": 1, "answer": 4, "is_correct": 1}}, {"model": "testsuite.testresultdetail", "pk": 86, "fields": {"test_result": 7, "question": 1, "answer": 3, "is_correct": 1}}, {"model": "testsuite.testresultdetail", "pk": 87, "fields": {"test_result": 7, "question": 1, "answer": 4, "is_correct": 1}}, {"model": "testsuite.testresultdetail", "pk": 88, "fields": {"test_result": 8, "question": 1, "answer": 1, "is_correct": 1}}, {"model": "testsuite.testresultdetail", "pk": 89, "fields": {"test_result": 8, "question": 1, "answer": 2, "is_correct": 1}}, {"model": "testsuite.testresultdetail", "pk": 90, "fields": {"test_result": 8, "question": 1, "answer": 3, "is_correct": 1}}, {"model": "testsuite.testresultdetail", "pk": 91, "fields": {"test_result": 8, "question": 1, "answer": 4, "is_correct": 0}}, {"model": "testsuite.testresultdetail", "pk": 92, "fields": {"test_result": 8, "question": 2, "answer": 5, "is_correct": 1}}, {"model": "testsuite.testresultdetail", "pk": 93, "fields": {"test_result": 8, "question": 2, "answer": 6, "is_correct": 1}}, {"model": "testsuite.testresultdetail", "pk": 94, "fields": {"test_result": 8, "question": 2, "answer": 7, "is_correct": 1}}, {"model": "testsuite.testresultdetail", "pk": 95, "fields": {"test_result": 8, "question": 2, "answer": 8, "is_correct": 1}}, {"model": "testsuite.testresultdetail", "pk": 96, "fields": {"test_result": 8, "question": 3, "answer": 9, "is_correct": 1}}, {"model": "testsuite.testresultdetail", "pk": 97, "fields": {"test_result": 8, "question": 3, "answer": 10, "is_correct": 1}}, {"model": "testsuite.testresultdetail", "pk": 98, "fields": {"test_result": 8, "question": 3, "answer": 11, "is_correct": 1}}, {"model": "testsuite.testresultdetail", "pk": 99, "fields": {"test_result": 8, "question": 4, "answer": 12, "is_correct": 1}}, {"model": "testsuite.testresultdetail", "pk": 100, "fields": {"test_result": 8, "question": 4, "answer": 13, "is_correct": 1}}, {"model": "testsuite.testresultdetail", "pk": 101, "fields": {"test_result": 8, "question": 4, "answer": 14, "is_correct": 1}}, {"model": "testsuite.testresultdetail", "pk": 102, "fields": {"test_result": 8, "question": 4, "answer": 15, "is_correct": 1}}, {"model": "testsuite.testresultdetail", "pk": 103, "fields": {"test_result": 5, "question": 4, "answer": 12, "is_correct": 1}}, {"model": "testsuite.testresultdetail", "pk": 104, "fields": {"test_result": 5, "question": 4, "answer": 13, "is_correct": 1}}, {"model": "testsuite.testresultdetail", "pk": 105, "fields": {"test_result": 5, "question": 4, "answer": 14, "is_correct": 1}}, {"model": "testsuite.testresultdetail", "pk": 106, "fields": {"test_result": 5, "question": 4, "answer": 15, "is_correct": 1}}, {"model": "testsuite.testresultdetail", "pk": 107, "fields": {"test_result": 13, "question": 1, "answer": 1, "is_correct": 1}}, {"model": "testsuite.testresultdetail", "pk": 108, "fields": {"test_result": 13, "question": 1, "answer": 2, "is_correct": 1}}, {"model": "testsuite.testresultdetail", "pk": 109, "fields": {"test_result": 13, "question": 1, "answer": 3, "is_correct": 1}}, {"model": "testsuite.testresultdetail", "pk": 110, "fields": {"test_result": 13, "question": 1, "answer": 4, "is_correct": 1}}, {"model": "testsuite.testresultdetail", "pk": 111, "fields": {"test_result": 13, "question": 2, "answer": 5, "is_correct": 1}}, {"model": "testsuite.testresultdetail", "pk": 112, "fields": {"test_result": 13, "question": 2, "answer": 6, "is_correct": 1}}, {"model": "testsuite.testresultdetail", "pk": 113, "fields": {"test_result": 13, "question": 2, "answer": 7, "is_correct": 1}}, {"model": "testsuite.testresultdetail", "pk": 114, "fields": {"test_result": 13, "question": 2, "answer": 8, "is_correct": 1}}, {"model": "testsuite.testresultdetail", "pk": 115, "fields": {"test_result": 13, "question": 2, "answer": 5, "is_correct": 1}}, {"model": "testsuite.testresultdetail", "pk": 116, "fields": {"test_result": 13, "question": 2, "answer": 6, "is_correct": 1}}, {"model": "testsuite.testresultdetail", "pk": 117, "fields": {"test_result": 13, "question": 2, "answer": 7, "is_correct": 1}}, {"model": "testsuite.testresultdetail", "pk": 118, "fields": {"test_result": 13, "question": 2, "answer": 8, "is_correct": 1}}, {"model": "testsuite.testresultdetail", "pk": 119, "fields": {"test_result": 13, "question": 3, "answer": 9, "is_correct": 1}}, {"model": "testsuite.testresultdetail", "pk": 120, "fields": {"test_result": 13, "question": 3, "answer": 10, "is_correct": 1}}, {"model": "testsuite.testresultdetail", "pk": 121, "fields": {"test_result": 13, "question": 3, "answer": 11, "is_correct": 1}}, {"model": "testsuite.testresultdetail", "pk": 122, "fields": {"test_result": 13, "question": 4, "answer": 12, "is_correct": 1}}, {"model": "testsuite.testresultdetail", "pk": 123, "fields": {"test_result": 13, "question": 4, "answer": 13, "is_correct": 1}}, {"model": "testsuite.testresultdetail", "pk": 124, "fields": {"test_result": 13, "question": 4, "answer": 14, "is_correct": 1}}, {"model": "testsuite.testresultdetail", "pk": 125, "fields": {"test_result": 13, "question": 4, "answer": 15, "is_correct": 1}}, {"model": "testsuite.testresultdetail", "pk": 126, "fields": {"test_result": 14, "question": 1, "answer": 1, "is_correct": 1}}, {"model": "testsuite.testresultdetail", "pk": 127, "fields": {"test_result": 14, "question": 1, "answer": 2, "is_correct": 1}}, {"model": "testsuite.testresultdetail", "pk": 128, "fields": {"test_result": 14, "question": 1, "answer": 3, "is_correct": 1}}, {"model": "testsuite.testresultdetail", "pk": 129, "fields": {"test_result": 14, "question": 1, "answer": 4, "is_correct": 1}}, {"model": "testsuite.testresultdetail", "pk": 130, "fields": {"test_result": 14, "question": 1, "answer": 1, "is_correct": 1}}, {"model": "testsuite.testresultdetail", "pk": 131, "fields": {"test_result": 14, "question": 1, "answer": 2, "is_correct": 1}}, {"model": "testsuite.testresultdetail", "pk": 132, "fields": {"test_result": 14, "question": 1, "answer": 3, "is_correct": 1}}, {"model": "testsuite.testresultdetail", "pk": 133, "fields": {"test_result": 14, "question": 1, "answer": 4, "is_correct": 1}}, {"model": "testsuite.testresultdetail", "pk": 134, "fields": {"test_result": 14, "question": 2, "answer": 5, "is_correct": 1}}, {"model": "testsuite.testresultdetail", "pk": 135, "fields": {"test_result": 14, "question": 2, "answer": 6, "is_correct": 1}}, {"model": "testsuite.testresultdetail", "pk": 136, "fields": {"test_result": 14, "question": 2, "answer": 7, "is_correct": 1}}, {"model": "testsuite.testresultdetail", "pk": 137, "fields": {"test_result": 14, "question": 2, "answer": 8, "is_correct": 1}}, {"model": "testsuite.testresultdetail", "pk": 138, "fields": {"test_result": 14, "question": 3, "answer": 9, "is_correct": 1}}, {"model": "testsuite.testresultdetail", "pk": 139, "fields": {"test_result": 14, "question": 3, "answer": 10, "is_correct": 1}}, {"model": "testsuite.testresultdetail", "pk": 140, "fields": {"test_result": 14, "question": 3, "answer": 11, "is_correct": 1}}, {"model": "testsuite.testresultdetail", "pk": 141, "fields": {"test_result": 14, "question": 4, "answer": 12, "is_correct": 1}}, {"model": "testsuite.testresultdetail", "pk": 142, "fields": {"test_result": 14, "question": 4, "answer": 13, "is_correct": 1}}, {"model": "testsuite.testresultdetail", "pk": 143, "fields": {"test_result": 14, "question": 4, "answer": 14, "is_correct": 1}}, {"model": "testsuite.testresultdetail", "pk": 144, "fields": {"test_result": 14, "question": 4, "answer": 15, "is_correct": 1}}, {"model": "testsuite.testresultdetail", "pk": 145, "fields": {"test_result": 15, "question": 1, "answer": 1, "is_correct": 1}}, {"model": "testsuite.testresultdetail", "pk": 146, "fields": {"test_result": 15, "question": 1, "answer": 2, "is_correct": 1}}, {"model": "testsuite.testresultdetail", "pk": 147, "fields": {"test_result": 15, "question": 1, "answer": 3, "is_correct": 1}}, {"model": "testsuite.testresultdetail", "pk": 148, "fields": {"test_result": 15, "question": 1, "answer": 4, "is_correct": 1}}, {"model": "testsuite.testresultdetail", "pk": 149, "fields": {"test_result": 15, "question": 2, "answer": 5, "is_correct": 1}}, {"model": "testsuite.testresultdetail", "pk": 150, "fields": {"test_result": 15, "question": 2, "answer": 6, "is_correct": 1}}, {"model": "testsuite.testresultdetail", "pk": 151, "fields": {"test_result": 15, "question": 2, "answer": 7, "is_correct": 1}}, {"model": "testsuite.testresultdetail", "pk": 152, "fields": {"test_result": 15, "question": 2, "answer": 8, "is_correct": 1}}, {"model": "testsuite.testresultdetail", "pk": 153, "fields": {"test_result": 15, "question": 3, "answer": 9, "is_correct": 1}}, {"model": "testsuite.testresultdetail", "pk": 154, "fields": {"test_result": 15, "question": 3, "answer": 10, "is_correct": 1}}, {"model": "testsuite.testresultdetail", "pk": 155, "fields": {"test_result": 15, "question": 3, "answer": 11, "is_correct": 1}}, {"model": "testsuite.testresultdetail", "pk": 156, "fields": {"test_result": 15, "question": 4, "answer": 12, "is_correct": 1}}, {"model": "testsuite.testresultdetail", "pk": 157, "fields": {"test_result": 15, "question": 4, "answer": 13, "is_correct": 1}}, {"model": "testsuite.testresultdetail", "pk": 158, "fields": {"test_result": 15, "question": 4, "answer": 14, "is_correct": 1}}, {"model": "testsuite.testresultdetail", "pk": 159, "fields": {"test_result": 15, "question": 4, "answer": 15, "is_correct": 1}}, {"model": "testsuite.testresultdetail", "pk": 160, "fields": {"test_result": 17, "question": 1, "answer": 1, "is_correct": 1}}, {"model": "testsuite.testresultdetail", "pk": 161, "fields": {"test_result": 17, "question": 1, "answer": 2, "is_correct": 1}}, {"model": "testsuite.testresultdetail", "pk": 162, "fields": {"test_result": 17, "question": 1, "answer": 3, "is_correct": 1}}, {"model": "testsuite.testresultdetail", "pk": 163, "fields": {"test_result": 17, "question": 1, "answer": 4, "is_correct": 1}}, {"model": "testsuite.testresultdetail", "pk": 164, "fields": {"test_result": 17, "question": 2, "answer": 5, "is_correct": 1}}, {"model": "testsuite.testresultdetail", "pk": 165, "fields": {"test_result": 17, "question": 2, "answer": 6, "is_correct": 1}}, {"model": "testsuite.testresultdetail", "pk": 166, "fields": {"test_result": 17, "question": 2, "answer": 7, "is_correct": 1}}, {"model": "testsuite.testresultdetail", "pk": 167, "fields": {"test_result": 17, "question": 2, "answer": 8, "is_correct": 1}}, {"model": "testsuite.testresultdetail", "pk": 168, "fields": {"test_result": 17, "question": 3, "answer": 9, "is_correct": 1}}, {"model": "testsuite.testresultdetail", "pk": 169, "fields": {"test_result": 17, "question": 3, "answer": 10, "is_correct": 1}}, {"model": "testsuite.testresultdetail", "pk": 170, "fields": {"test_result": 17, "question": 3, "answer": 11, "is_correct": 1}}, {"model": "testsuite.testresultdetail", "pk": 171, "fields": {"test_result": 17, "question": 4, "answer": 12, "is_correct": 1}}, {"model": "testsuite.testresultdetail", "pk": 172, "fields": {"test_result": 17, "question": 4, "answer": 13, "is_correct": 1}}, {"model": "testsuite.testresultdetail", "pk": 173, "fields": {"test_result": 17, "question": 4, "answer": 14, "is_correct": 1}}, {"model": "testsuite.testresultdetail", "pk": 174, "fields": {"test_result": 17, "question": 4, "answer": 15, "is_correct": 1}}, {"model": "testsuite.testresultdetail", "pk": 175, "fields": {"test_result": 18, "question": 1, "answer": 1, "is_correct": 1}}, {"model": "testsuite.testresultdetail", "pk": 176, "fields": {"test_result": 18, "question": 1, "answer": 2, "is_correct": 1}}, {"model": "testsuite.testresultdetail", "pk": 177, "fields": {"test_result": 18, "question": 1, "answer": 3, "is_correct": 1}}, {"model": "testsuite.testresultdetail", "pk": 178, "fields": {"test_result": 18, "question": 1, "answer": 4, "is_correct": 1}}, {"model": "testsuite.testresultdetail", "pk": 179, "fields": {"test_result": 18, "question": 2, "answer": 5, "is_correct": 1}}, {"model": "testsuite.testresultdetail", "pk": 180, "fields": {"test_result": 18, "question": 2, "answer": 6, "is_correct": 1}}, {"model": "testsuite.testresultdetail", "pk": 181, "fields": {"test_result": 18, "question": 2, "answer": 7, "is_correct": 1}}, {"model": "testsuite.testresultdetail", "pk": 182, "fields": {"test_result": 18, "question": 2, "answer": 8, "is_correct": 1}}, {"model": "testsuite.testresultdetail", "pk": 183, "fields": {"test_result": 18, "question": 3, "answer": 9, "is_correct": 1}}, {"model": "testsuite.testresultdetail", "pk": 184, "fields": {"test_result": 18, "question": 3, "answer": 10, "is_correct": 1}}, {"model": "testsuite.testresultdetail", "pk": 185, "fields": {"test_result": 18, "question": 3, "answer": 11, "is_correct": 1}}, {"model": "testsuite.testresultdetail", "pk": 186, "fields": {"test_result": 18, "question": 4, "answer": 12, "is_correct": 1}}, {"model": "testsuite.testresultdetail", "pk": 187, "fields": {"test_result": 18, "question": 4, "answer": 13, "is_correct": 1}}, {"model": "testsuite.testresultdetail", "pk": 188, "fields": {"test_result": 18, "question": 4, "answer": 14, "is_correct": 1}}, {"model": "testsuite.testresultdetail", "pk": 189, "fields": {"test_result": 18, "question": 4, "answer": 15, "is_correct": 1}}, {"model": "testsuite.testresultdetail", "pk": 190, "fields": {"test_result": 19, "question": 1, "answer": 1, "is_correct": 1}}, {"model": "testsuite.testresultdetail", "pk": 191, "fields": {"test_result": 19, "question": 1, "answer": 2, "is_correct": 1}}, {"model": "testsuite.testresultdetail", "pk": 192, "fields": {"test_result": 19, "question": 1, "answer": 3, "is_correct": 1}}, {"model": "testsuite.testresultdetail", "pk": 193, "fields": {"test_result": 19, "question": 1, "answer": 4, "is_correct": 1}}, {"model": "testsuite.testresultdetail", "pk": 194, "fields": {"test_result": 19, "question": 2, "answer": 5, "is_correct": 1}}, {"model": "testsuite.testresultdetail", "pk": 195, "fields": {"test_result": 19, "question": 2, "answer": 6, "is_correct": 1}}, {"model": "testsuite.testresultdetail", "pk": 196, "fields": {"test_result": 19, "question": 2, "answer": 7, "is_correct": 1}}, {"model": "testsuite.testresultdetail", "pk": 197, "fields": {"test_result": 19, "question": 2, "answer": 8, "is_correct": 1}}, {"model": "testsuite.testresultdetail", "pk": 198, "fields": {"test_result": 19, "question": 3, "answer": 9, "is_correct": 1}}, {"model": "testsuite.testresultdetail", "pk": 199, "fields": {"test_result": 19, "question": 3, "answer": 10, "is_correct": 1}}, {"model": "testsuite.testresultdetail", "pk": 200, "fields": {"test_result": 19, "question": 3, "answer": 11, "is_correct": 1}}, {"model": "testsuite.testresultdetail", "pk": 201, "fields": {"test_result": 19, "question": 4, "answer": 12, "is_correct": 1}}, {"model": "testsuite.testresultdetail", "pk": 202, "fields": {"test_result": 19, "question": 4, "answer": 13, "is_correct": 1}}, {"model": "testsuite.testresultdetail", "pk": 203, "fields": {"test_result": 19, "question": 4, "answer": 14, "is_correct": 1}}, {"model": "testsuite.testresultdetail", "pk": 204, "fields": {"test_result": 19, "question": 4, "answer": 15, "is_correct": 1}}, {"model": "testsuite.testresultdetail", "pk": 205, "fields": {"test_result": 20, "question": 1, "answer": 1, "is_correct": 1}}, {"model": "testsuite.testresultdetail", "pk": 206, "fields": {"test_result": 20, "question": 1, "answer": 2, "is_correct": 1}}, {"model": "testsuite.testresultdetail", "pk": 207, "fields": {"test_result": 20, "question": 1, "answer": 3, "is_correct": 1}}, {"model": "testsuite.testresultdetail", "pk": 208, "fields": {"test_result": 20, "question": 1, "answer": 4, "is_correct": 1}}, {"model": "testsuite.testresultdetail", "pk": 209, "fields": {"test_result": 20, "question": 2, "answer": 5, "is_correct": 1}}, {"model": "testsuite.testresultdetail", "pk": 210, "fields": {"test_result": 20, "question": 2, "answer": 6, "is_correct": 1}}, {"model": "testsuite.testresultdetail", "pk": 211, "fields": {"test_result": 20, "question": 2, "answer": 7, "is_correct": 1}}, {"model": "testsuite.testresultdetail", "pk": 212, "fields": {"test_result": 20, "question": 2, "answer": 8, "is_correct": 1}}, {"model": "testsuite.testresultdetail", "pk": 213, "fields": {"test_result": 20, "question": 3, "answer": 9, "is_correct": 1}}, {"model": "testsuite.testresultdetail", "pk": 214, "fields": {"test_result": 20, "question": 3, "answer": 10, "is_correct": 1}}, {"model": "testsuite.testresultdetail", "pk": 215, "fields": {"test_result": 20, "question": 3, "answer": 11, "is_correct": 1}}, {"model": "testsuite.testresultdetail", "pk": 216, "fields": {"test_result": 20, "question": 4, "answer": 12, "is_correct": 1}}, {"model": "testsuite.testresultdetail", "pk": 217, "fields": {"test_result": 20, "question": 4, "answer": 13, "is_correct": 1}}, {"model": "testsuite.testresultdetail", "pk": 218, "fields": {"test_result": 20, "question": 4, "answer": 14, "is_correct": 1}}, {"model": "testsuite.testresultdetail", "pk": 219, "fields": {"test_result": 20, "question": 4, "answer": 15, "is_correct": 1}}, {"model": "testsuite.testresultdetail", "pk": 220, "fields": {"test_result": 21, "question": 1, "answer": 1, "is_correct": 1}}, {"model": "testsuite.testresultdetail", "pk": 221, "fields": {"test_result": 21, "question": 1, "answer": 2, "is_correct": 1}}, {"model": "testsuite.testresultdetail", "pk": 222, "fields": {"test_result": 21, "question": 1, "answer": 3, "is_correct": 1}}, {"model": "testsuite.testresultdetail", "pk": 223, "fields": {"test_result": 21, "question": 1, "answer": 4, "is_correct": 1}}, {"model": "testsuite.testresultdetail", "pk": 224, "fields": {"test_result": 21, "question": 2, "answer": 5, "is_correct": 1}}, {"model": "testsuite.testresultdetail", "pk": 225, "fields": {"test_result": 21, "question": 2, "answer": 6, "is_correct": 1}}, {"model": "testsuite.testresultdetail", "pk": 226, "fields": {"test_result": 21, "question": 2, "answer": 7, "is_correct": 1}}, {"model": "testsuite.testresultdetail", "pk": 227, "fields": {"test_result": 21, "question": 2, "answer": 8, "is_correct": 1}}, {"model": "testsuite.testresultdetail", "pk": 228, "fields": {"test_result": 21, "question": 3, "answer": 9, "is_correct": 1}}, {"model": "testsuite.testresultdetail", "pk": 229, "fields": {"test_result": 21, "question": 3, "answer": 10, "is_correct": 1}}, {"model": "testsuite.testresultdetail", "pk": 230, "fields": {"test_result": 21, "question": 3, "answer": 11, "is_correct": 1}}, {"model": "testsuite.testresultdetail", "pk": 231, "fields": {"test_result": 21, "question": 4, "answer": 12, "is_correct": 1}}, {"model": "testsuite.testresultdetail", "pk": 232, "fields": {"test_result": 21, "question": 4, "answer": 13, "is_correct": 1}}, {"model": "testsuite.testresultdetail", "pk": 233, "fields": {"test_result": 21, "question": 4, "answer": 14, "is_correct": 1}}, {"model": "testsuite.testresultdetail", "pk": 234, "fields": {"test_result": 21, "question": 4, "answer": 15, "is_correct": 1}}, {"model": "testsuite.testresultdetail", "pk": 235, "fields": {"test_result": 22, "question": 1, "answer": 1, "is_correct": 1}}, {"model": "testsuite.testresultdetail", "pk": 236, "fields": {"test_result": 22, "question": 1, "answer": 2, "is_correct": 1}}, {"model": "testsuite.testresultdetail", "pk": 237, "fields": {"test_result": 22, "question": 1, "answer": 3, "is_correct": 1}}, {"model": "testsuite.testresultdetail", "pk": 238, "fields": {"test_result": 22, "question": 1, "answer": 4, "is_correct": 1}}, {"model": "testsuite.testresultdetail", "pk": 239, "fields": {"test_result": 22, "question": 2, "answer": 5, "is_correct": 1}}, {"model": "testsuite.testresultdetail", "pk": 240, "fields": {"test_result": 22, "question": 2, "answer": 6, "is_correct": 1}}, {"model": "testsuite.testresultdetail", "pk": 241, "fields": {"test_result": 22, "question": 2, "answer": 7, "is_correct": 1}}, {"model": "testsuite.testresultdetail", "pk": 242, "fields": {"test_result": 22, "question": 2, "answer": 8, "is_correct": 1}}, {"model": "testsuite.testresultdetail", "pk": 243, "fields": {"test_result": 22, "question": 3, "answer": 9, "is_correct": 1}}, {"model": "testsuite.testresultdetail", "pk": 244, "fields": {"test_result": 22, "question": 3, "answer": 10, "is_correct": 1}}, {"model": "testsuite.testresultdetail", "pk": 245, "fields": {"test_result": 22, "question": 3, "answer": 11, "is_correct": 1}}, {"model": "testsuite.testresultdetail", "pk": 246, "fields": {"test_result": 22, "question": 4, "answer": 12, "is_correct": 1}}, {"model": "testsuite.testresultdetail", "pk": 247, "fields": {"test_result": 22, "question": 4, "answer": 13, "is_correct": 1}}, {"model": "testsuite.testresultdetail", "pk": 248, "fields": {"test_result": 22, "question": 4, "answer": 14, "is_correct": 1}}, {"model": "testsuite.testresultdetail", "pk": 249, "fields": {"test_result": 22, "question": 4, "answer": 15, "is_correct": 1}}, {"model": "testsuite.testresultdetail", "pk": 250, "fields": {"test_result": 23, "question": 1, "answer": 1, "is_correct": 1}}, {"model": "testsuite.testresultdetail", "pk": 251, "fields": {"test_result": 23, "question": 1, "answer": 2, "is_correct": 1}}, {"model": "testsuite.testresultdetail", "pk": 252, "fields": {"test_result": 23, "question": 1, "answer": 3, "is_correct": 1}}, {"model": "testsuite.testresultdetail", "pk": 253, "fields": {"test_result": 23, "question": 1, "answer": 4, "is_correct": 1}}, {"model": "testsuite.testresultdetail", "pk": 254, "fields": {"test_result": 23, "question": 2, "answer": 5, "is_correct": 1}}, {"model": "testsuite.testresultdetail", "pk": 255, "fields": {"test_result": 23, "question": 2, "answer": 6, "is_correct": 1}}, {"model": "testsuite.testresultdetail", "pk": 256, "fields": {"test_result": 23, "question": 2, "answer": 7, "is_correct": 1}}, {"model": "testsuite.testresultdetail", "pk": 257, "fields": {"test_result": 23, "question": 2, "answer": 8, "is_correct": 1}}, {"model": "testsuite.testresultdetail", "pk": 258, "fields": {"test_result": 23, "question": 3, "answer": 9, "is_correct": 1}}, {"model": "testsuite.testresultdetail", "pk": 259, "fields": {"test_result": 23, "question": 3, "answer": 10, "is_correct": 1}}, {"model": "testsuite.testresultdetail", "pk": 260, "fields": {"test_result": 23, "question": 3, "answer": 11, "is_correct": 1}}, {"model": "testsuite.testresultdetail", "pk": 261, "fields": {"test_result": 23, "question": 4, "answer": 12, "is_correct": 1}}, {"model": "testsuite.testresultdetail", "pk": 262, "fields": {"test_result": 23, "question": 4, "answer": 13, "is_correct": 1}}, {"model": "testsuite.testresultdetail", "pk": 263, "fields": {"test_result": 23, "question": 4, "answer": 14, "is_correct": 1}}, {"model": "testsuite.testresultdetail", "pk": 264, "fields": {"test_result": 23, "question": 4, "answer": 15, "is_correct": 1}}, {"model": "testsuite.testresultdetail", "pk": 265, "fields": {"test_result": 25, "question": 1, "answer": 1, "is_correct": 1}}, {"model": "testsuite.testresultdetail", "pk": 266, "fields": {"test_result": 25, "question": 1, "answer": 2, "is_correct": 1}}, {"model": "testsuite.testresultdetail", "pk": 267, "fields": {"test_result": 25, "question": 1, "answer": 3, "is_correct": 1}}, {"model": "testsuite.testresultdetail", "pk": 268, "fields": {"test_result": 25, "question": 1, "answer": 4, "is_correct": 1}}, {"model": "testsuite.testresultdetail", "pk": 269, "fields": {"test_result": 25, "question": 2, "answer": 5, "is_correct": 1}}, {"model": "testsuite.testresultdetail", "pk": 270, "fields": {"test_result": 25, "question": 2, "answer": 6, "is_correct": 1}}, {"model": "testsuite.testresultdetail", "pk": 271, "fields": {"test_result": 25, "question": 2, "answer": 7, "is_correct": 1}}, {"model": "testsuite.testresultdetail", "pk": 272, "fields": {"test_result": 25, "question": 2, "answer": 8, "is_correct": 1}}, {"model": "testsuite.testresultdetail", "pk": 273, "fields": {"test_result": 25, "question": 3, "answer": 9, "is_correct": 1}}, {"model": "testsuite.testresultdetail", "pk": 274, "fields": {"test_result": 25, "question": 3, "answer": 10, "is_correct": 1}}, {"model": "testsuite.testresultdetail", "pk": 275, "fields": {"test_result": 25, "question": 3, "answer": 11, "is_correct": 1}}, {"model": "testsuite.testresultdetail", "pk": 276, "fields": {"test_result": 25, "question": 4, "answer": 12, "is_correct": 1}}, {"model": "testsuite.testresultdetail", "pk": 277, "fields": {"test_result": 25, "question": 4, "answer": 13, "is_correct": 1}}, {"model": "testsuite.testresultdetail", "pk": 278, "fields": {"test_result": 25, "question": 4, "answer": 14, "is_correct": 1}}, {"model": "testsuite.testresultdetail", "pk": 279, "fields": {"test_result": 25, "question": 4, "answer": 15, "is_correct": 1}}, {"model": "testsuite.testresultdetail", "pk": 280, "fields": {"test_result": 25, "question": 4, "answer": 12, "is_correct": 1}}, {"model": "testsuite.testresultdetail", "pk": 281, "fields": {"test_result": 25, "question": 4, "answer": 13, "is_correct": 1}}, {"model": "testsuite.testresultdetail", "pk": 282, "fields": {"test_result": 25, "question": 4, "answer": 14, "is_correct": 1}}, {"model": "testsuite.testresultdetail", "pk": 283, "fields": {"test_result": 25, "question": 4, "answer": 15, "is_correct": 1}}, {"model": "testsuite.testresultdetail", "pk": 284, "fields": {"test_result": 25, "question": 4, "answer": 12, "is_correct": 1}}, {"model": "testsuite.testresultdetail", "pk": 285, "fields": {"test_result": 25, "question": 4, "answer": 13, "is_correct": 1}}, {"model": "testsuite.testresultdetail", "pk": 286, "fields": {"test_result": 25, "question": 4, "answer": 14, "is_correct": 1}}, {"model": "testsuite.testresultdetail", "pk": 287, "fields": {"test_result": 25, "question": 4, "answer": 15, "is_correct": 1}}, {"model": "testsuite.testresultdetail", "pk": 288, "fields": {"test_result": 26, "question": 1, "answer": 1, "is_correct": 1}}, {"model": "testsuite.testresultdetail", "pk": 289, "fields": {"test_result": 26, "question": 1, "answer": 2, "is_correct": 1}}, {"model": "testsuite.testresultdetail", "pk": 290, "fields": {"test_result": 26, "question": 1, "answer": 3, "is_correct": 1}}, {"model": "testsuite.testresultdetail", "pk": 291, "fields": {"test_result": 26, "question": 1, "answer": 4, "is_correct": 1}}, {"model": "testsuite.testresultdetail", "pk": 292, "fields": {"test_result": 26, "question": 1, "answer": 1, "is_correct": 1}}, {"model": "testsuite.testresultdetail", "pk": 293, "fields": {"test_result": 26, "question": 1, "answer": 2, "is_correct": 1}}, {"model": "testsuite.testresultdetail", "pk": 294, "fields": {"test_result": 26, "question": 1, "answer": 3, "is_correct": 1}}, {"model": "testsuite.testresultdetail", "pk": 295, "fields": {"test_result": 26, "question": 1, "answer": 4, "is_correct": 1}}, {"model": "testsuite.testresultdetail", "pk": 296, "fields": {"test_result": 26, "question": 1, "answer": 1, "is_correct": 1}}, {"model": "testsuite.testresultdetail", "pk": 297, "fields": {"test_result": 26, "question": 1, "answer": 2, "is_correct": 1}}, {"model": "testsuite.testresultdetail", "pk": 298, "fields": {"test_result": 26, "question": 1, "answer": 3, "is_correct": 1}}, {"model": "testsuite.testresultdetail", "pk": 299, "fields": {"test_result": 26, "question": 1, "answer": 4, "is_correct": 1}}, {"model": "testsuite.testresultdetail", "pk": 300, "fields": {"test_result": 26, "question": 1, "answer": 1, "is_correct": 1}}, {"model": "testsuite.testresultdetail", "pk": 301, "fields": {"test_result": 26, "question": 1, "answer": 2, "is_correct": 1}}, {"model": "testsuite.testresultdetail", "pk": 302, "fields": {"test_result": 26, "question": 1, "answer": 3, "is_correct": 1}}, {"model": "testsuite.testresultdetail", "pk": 303, "fields": {"test_result": 26, "question": 1, "answer": 4, "is_correct": 1}}, {"model": "testsuite.testresultdetail", "pk": 304, "fields": {"test_result": 26, "question": 1, "answer": 1, "is_correct": 1}}, {"model": "testsuite.testresultdetail", "pk": 305, "fields": {"test_result": 26, "question": 1, "answer": 2, "is_correct": 1}}, {"model": "testsuite.testresultdetail", "pk": 306, "fields": {"test_result": 26, "question": 1, "answer": 3, "is_correct": 1}}, {"model": "testsuite.testresultdetail", "pk": 307, "fields": {"test_result": 26, "question": 1, "answer": 4, "is_correct": 1}}, {"model": "testsuite.testresultdetail", "pk": 308, "fields": {"test_result": 26, "question": 1, "answer": 1, "is_correct": 1}}, {"model": "testsuite.testresultdetail", "pk": 309, "fields": {"test_result": 26, "question": 1, "answer": 2, "is_correct": 1}}, {"model": "testsuite.testresultdetail", "pk": 310, "fields": {"test_result": 26, "question": 1, "answer": 3, "is_correct": 1}}, {"model": "testsuite.testresultdetail", "pk": 311, "fields": {"test_result": 26, "question": 1, "answer": 4, "is_correct": 1}}, {"model": "testsuite.testresultdetail", "pk": 312, "fields": {"test_result": 26, "question": 1, "answer": 1, "is_correct": 1}}, {"model": "testsuite.testresultdetail", "pk": 313, "fields": {"test_result": 26, "question": 1, "answer": 2, "is_correct": 1}}, {"model": "testsuite.testresultdetail", "pk": 314, "fields": {"test_result": 26, "question": 1, "answer": 3, "is_correct": 1}}, {"model": "testsuite.testresultdetail", "pk": 315, "fields": {"test_result": 26, "question": 1, "answer": 4, "is_correct": 1}}, {"model": "testsuite.testresultdetail", "pk": 316, "fields": {"test_result": 26, "question": 1, "answer": 1, "is_correct": 1}}, {"model": "testsuite.testresultdetail", "pk": 317, "fields": {"test_result": 26, "question": 1, "answer": 2, "is_correct": 1}}, {"model": "testsuite.testresultdetail", "pk": 318, "fields": {"test_result": 26, "question": 1, "answer": 3, "is_correct": 1}}, {"model": "testsuite.testresultdetail", "pk": 319, "fields": {"test_result": 26, "question": 1, "answer": 4, "is_correct": 1}}, {"model": "testsuite.testresultdetail", "pk": 320, "fields": {"test_result": 26, "question": 1, "answer": 1, "is_correct": 1}}, {"model": "testsuite.testresultdetail", "pk": 321, "fields": {"test_result": 26, "question": 1, "answer": 2, "is_correct": 1}}, {"model": "testsuite.testresultdetail", "pk": 322, "fields": {"test_result": 26, "question": 1, "answer": 3, "is_correct": 1}}, {"model": "testsuite.testresultdetail", "pk": 323, "fields": {"test_result": 26, "question": 1, "answer": 4, "is_correct": 1}}, {"model": "testsuite.testresultdetail", "pk": 324, "fields": {"test_result": 26, "question": 1, "answer": 1, "is_correct": 1}}, {"model": "testsuite.testresultdetail", "pk": 325, "fields": {"test_result": 26, "question": 1, "answer": 2, "is_correct": 1}}, {"model": "testsuite.testresultdetail", "pk": 326, "fields": {"test_result": 26, "question": 1, "answer": 3, "is_correct": 1}}, {"model": "testsuite.testresultdetail", "pk": 327, "fields": {"test_result": 26, "question": 1, "answer": 4, "is_correct": 1}}, {"model": "testsuite.testresultdetail", "pk": 328, "fields": {"test_result": 26, "question": 1, "answer": 1, "is_correct": 1}}, {"model": "testsuite.testresultdetail", "pk": 329, "fields": {"test_result": 26, "question": 1, "answer": 2, "is_correct": 1}}, {"model": "testsuite.testresultdetail", "pk": 330, "fields": {"test_result": 26, "question": 1, "answer": 3, "is_correct": 1}}, {"model": "testsuite.testresultdetail", "pk": 331, "fields": {"test_result": 26, "question": 1, "answer": 4, "is_correct": 1}}, {"model": "testsuite.testresultdetail", "pk": 332, "fields": {"test_result": 26, "question": 2, "answer": 5, "is_correct": 1}}, {"model": "testsuite.testresultdetail", "pk": 333, "fields": {"test_result": 26, "question": 2, "answer": 6, "is_correct": 1}}, {"model": "testsuite.testresultdetail", "pk": 334, "fields": {"test_result": 26, "question": 2, "answer": 7, "is_correct": 1}}, {"model": "testsuite.testresultdetail", "pk": 335, "fields": {"test_result": 26, "question": 2, "answer": 8, "is_correct": 1}}, {"model": "testsuite.testresultdetail", "pk": 336, "fields": {"test_result": 26, "question": 2, "answer": 5, "is_correct": 1}}, {"model": "testsuite.testresultdetail", "pk": 337, "fields": {"test_result": 26, "question": 2, "answer": 6, "is_correct": 1}}, {"model": "testsuite.testresultdetail", "pk": 338, "fields": {"test_result": 26, "question": 2, "answer": 7, "is_correct": 1}}, {"model": "testsuite.testresultdetail", "pk": 339, "fields": {"test_result": 26, "question": 2, "answer": 8, "is_correct": 1}}, {"model": "testsuite.testresultdetail", "pk": 340, "fields": {"test_result": 26, "question": 3, "answer": 9, "is_correct": 1}}, {"model": "testsuite.testresultdetail", "pk": 341, "fields": {"test_result": 26, "question": 3, "answer": 10, "is_correct": 1}}, {"model": "testsuite.testresultdetail", "pk": 342, "fields": {"test_result": 26, "question": 3, "answer": 11, "is_correct": 1}}, {"model": "testsuite.testresultdetail", "pk": 343, "fields": {"test_result": 26, "question": 4, "answer": 12, "is_correct": 1}}, {"model": "testsuite.testresultdetail", "pk": 344, "fields": {"test_result": 26, "question": 4, "answer": 13, "is_correct": 1}}, {"model": "testsuite.testresultdetail", "pk": 345, "fields": {"test_result": 26, "question": 4, "answer": 14, "is_correct": 1}}, {"model": "testsuite.testresultdetail", "pk": 346, "fields": {"test_result": 26, "question": 4, "answer": 15, "is_correct": 1}}, {"model": "testsuite.testresultdetail", "pk": 347, "fields": {"test_result": 27, "question": 1, "answer": 1, "is_correct": 1}}, {"model": "testsuite.testresultdetail", "pk": 348, "fields": {"test_result": 27, "question": 1, "answer": 2, "is_correct": 1}}, {"model": "testsuite.testresultdetail", "pk": 349, "fields": {"test_result": 27, "question": 1, "answer": 3, "is_correct": 1}}, {"model": "testsuite.testresultdetail", "pk": 350, "fields": {"test_result": 27, "question": 1, "answer": 4, "is_correct": 1}}, {"model": "testsuite.testresultdetail", "pk": 351, "fields": {"test_result": 27, "question": 2, "answer": 5, "is_correct": 1}}, {"model": "testsuite.testresultdetail", "pk": 352, "fields": {"test_result": 27, "question": 2, "answer": 6, "is_correct": 1}}, {"model": "testsuite.testresultdetail", "pk": 353, "fields": {"test_result": 27, "question": 2, "answer": 7, "is_correct": 1}}, {"model": "testsuite.testresultdetail", "pk": 354, "fields": {"test_result": 27, "question": 2, "answer": 8, "is_correct": 1}}, {"model": "testsuite.testresultdetail", "pk": 355, "fields": {"test_result": 27, "question": 3, "answer": 9, "is_correct": 1}}, {"model": "testsuite.testresultdetail", "pk": 356, "fields": {"test_result": 27, "question": 3, "answer": 10, "is_correct": 1}}, {"model": "testsuite.testresultdetail", "pk": 357, "fields": {"test_result": 27, "question": 3, "answer": 11, "is_correct": 1}}, {"model": "testsuite.testresultdetail", "pk": 358, "fields": {"test_result": 27, "question": 4, "answer": 12, "is_correct": 1}}, {"model": "testsuite.testresultdetail", "pk": 359, "fields": {"test_result": 27, "question": 4, "answer": 13, "is_correct": 1}}, {"model": "testsuite.testresultdetail", "pk": 360, "fields": {"test_result": 27, "question": 4, "answer": 14, "is_correct": 1}}, {"model": "testsuite.testresultdetail", "pk": 361, "fields": {"test_result": 27, "question": 4, "answer": 15, "is_correct": 1}}, {"model": "testsuite.testresultdetail", "pk": 362, "fields": {"test_result": 28, "question": 1, "answer": 1, "is_correct": 1}}, {"model": "testsuite.testresultdetail", "pk": 363, "fields": {"test_result": 28, "question": 1, "answer": 2, "is_correct": 1}}, {"model": "testsuite.testresultdetail", "pk": 364, "fields": {"test_result": 28, "question": 1, "answer": 3, "is_correct": 1}}, {"model": "testsuite.testresultdetail", "pk": 365, "fields": {"test_result": 28, "question": 1, "answer": 4, "is_correct": 1}}, {"model": "testsuite.testresultdetail", "pk": 366, "fields": {"test_result": 28, "question": 2, "answer": 5, "is_correct": 1}}, {"model": "testsuite.testresultdetail", "pk": 367, "fields": {"test_result": 28, "question": 2, "answer": 6, "is_correct": 1}}, {"model": "testsuite.testresultdetail", "pk": 368, "fields": {"test_result": 28, "question": 2, "answer": 7, "is_correct": 1}}, {"model": "testsuite.testresultdetail", "pk": 369, "fields": {"test_result": 28, "question": 2, "answer": 8, "is_correct": 1}}, {"model": "testsuite.testresultdetail", "pk": 370, "fields": {"test_result": 28, "question": 3, "answer": 9, "is_correct": 1}}, {"model": "testsuite.testresultdetail", "pk": 371, "fields": {"test_result": 28, "question": 3, "answer": 10, "is_correct": 1}}, {"model": "testsuite.testresultdetail", "pk": 372, "fields": {"test_result": 28, "question": 3, "answer": 11, "is_correct": 1}}, {"model": "testsuite.testresultdetail", "pk": 373, "fields": {"test_result": 28, "question": 4, "answer": 12, "is_correct": 1}}, {"model": "testsuite.testresultdetail", "pk": 374, "fields": {"test_result": 28, "question": 4, "answer": 13, "is_correct": 1}}, {"model": "testsuite.testresultdetail", "pk": 375, "fields": {"test_result": 28, "question": 4, "answer": 14, "is_correct": 1}}, {"model": "testsuite.testresultdetail", "pk": 376, "fields": {"test_result": 28, "question": 4, "answer": 15, "is_correct": 1}}, {"model": "testsuite.testresultdetail", "pk": 377, "fields": {"test_result": 29, "question": 1, "answer": 1, "is_correct": 1}}, {"model": "testsuite.testresultdetail", "pk": 378, "fields": {"test_result": 29, "question": 1, "answer": 2, "is_correct": 1}}, {"model": "testsuite.testresultdetail", "pk": 379, "fields": {"test_result": 29, "question": 1, "answer": 3, "is_correct": 1}}, {"model": "testsuite.testresultdetail", "pk": 380, "fields": {"test_result": 29, "question": 1, "answer": 4, "is_correct": 1}}, {"model": "testsuite.testresultdetail", "pk": 381, "fields": {"test_result": 29, "question": 2, "answer": 5, "is_correct": 1}}, {"model": "testsuite.testresultdetail", "pk": 382, "fields": {"test_result": 29, "question": 2, "answer": 6, "is_correct": 1}}, {"model": "testsuite.testresultdetail", "pk": 383, "fields": {"test_result": 29, "question": 2, "answer": 7, "is_correct": 1}}, {"model": "testsuite.testresultdetail", "pk": 384, "fields": {"test_result": 29, "question": 2, "answer": 8, "is_correct": 1}}, {"model": "testsuite.testresultdetail", "pk": 385, "fields": {"test_result": 29, "question": 3, "answer": 9, "is_correct": 1}}, {"model": "testsuite.testresultdetail", "pk": 386, "fields": {"test_result": 29, "question": 3, "answer": 10, "is_correct": 1}}, {"model": "testsuite.testresultdetail", "pk": 387, "fields": {"test_result": 29, "question": 3, "answer": 11, "is_correct": 1}}, {"model": "testsuite.testresultdetail", "pk": 388, "fields": {"test_result": 29, "question": 4, "answer": 12, "is_correct": 1}}, {"model": "testsuite.testresultdetail", "pk": 389, "fields": {"test_result": 29, "question": 4, "answer": 13, "is_correct": 1}}, {"model": "testsuite.testresultdetail", "pk": 390, "fields": {"test_result": 29, "question": 4, "answer": 14, "is_correct": 1}}, {"model": "testsuite.testresultdetail", "pk": 391, "fields": {"test_result": 29, "question": 4, "answer": 15, "is_correct": 1}}]